entity_id,company_name,industry,size_estimate,country,city,website,company_profile_url,decision_maker_name,decision_maker_role,decision_maker_profile_url,email,evidence,source_tags
5b47b939-7a35-450d-a0f7-1af3ccbfb852,"IT Solutions Services in Riyadh, Saudi Arabia | Data Oasis",IT Services,Unknown,Saudi Arabia,Riyadh,,https://duckduckgo.com/l/?uddg=https%3A%2F%2Fdataoasisit.com%2F&rut=ccab975120d8f0b11c7fe99bb463266fbeda0f723653186ba941d2275852300c,,,,,From: https://duckduckgo.com/l/?uddg=https%3A%2F%2Fdataoasisit.com%2F&rut=ccab975120d8f0b11c7fe99bb463266fbeda0f723653186ba941d2275852300c,search_result
8dbedb56-1259-4cab-b228-bfc2d707a615,Top IT Consultants in Saudi Arabia - Jan 2026 Rankings - Clutch,IT Services,Unknown,Saudi Arabia,,,https://duckduckgo.com/l/?uddg=https%3A%2F%2Fclutch.co%2Fsa%2Fit%2Dservices&rut=e564b4aa576ee3e22ecbd57882c8794cd1f690e62aad98f38f35c2c8a5a807b2,,,,,From: https://duckduckgo.com/l/?uddg=https%3A%2F%2Fclutch.co%2Fsa%2Fit%2Dservices&rut=e564b4aa576ee3e22ecbd57882c8794cd1f690e62aad98f38f35c2c8a5a807b2,search_result
5cdd1313-5ef0-454c-ae44-d92b28009e4a,Top 10+ IT Services Companies in Saudi Arabia - SelectedFirms,IT Services,Unknown,Saudi Arabia,,,https://duckduckgo.com/l/?uddg=https%3A%2F%2Fselectedfirms.co%2Fcompanies%2Fit%2Dservices%2Dcompanies%2Fsaudi%2Darabia&rut=b599caf8506a0e76c18c6903894bfba968c91a5e8fde71e60e9519d560c69301,,,,,From: https://duckduckgo.com/l/?uddg=https%3A%2F%2Fselectedfirms.co%2Fcompanies%2Fit%2Dservices%2Dcompanies%2Fsaudi%2Darabia&rut=b599caf8506a0e76c18c6903894bfba968c91a5e8fde71e60e9519d560c69301,search_result
48403fae-b68c-4a1a-bf82-d9e835890b3e,Top 100 IT Services Companies in Saudi Arabia - The Manifest,IT Services,Unknown,Saudi Arabia,Riyadh,,https://duckduckgo.com/l/?uddg=https%3A%2F%2Fthemanifest.com%2Fsa%2Fit%2Dservices%2Fcompanies&rut=8d2f8a67554c3b0c9381026ff307b96e4a0edbfd5c2e81dd35f4279241678daf,,,,,From: https://duckduckgo.com/l/?uddg=https%3A%2F%2Fthemanifest.com%2Fsa%2Fit%2Dservices%2Fcompanies&rut=8d2f8a67554c3b0c9381026ff307b96e4a0edbfd5c2e81dd35f4279241678daf,search_result
2700c6f4-a30f-41ef-bfb2-8e72f1233a6c,Top IT Services Companies in Saudi Arabia - Goodtal,IT Services,Unknown,Saudi Arabia,,,https://duckduckgo.com/l/?uddg=https%3A%2F%2Fwww.goodtal.com%2Fcompanies%2Fit%2Dservices%2Fsa&rut=d8b91038421514b583b56364e081fcaadc5892b140d37e28de3eb2db6daa6dc6,,,,,From: https://duckduckgo.com/l/?uddg=https%3A%2F%2Fwww.goodtal.com%2Fcompanies%2Fit%2Dservices%2Fsa&rut=d8b91038421514b583b56364e081fcaadc5892b140d37e28de3eb2db6daa6dc6,search_result
2e2c4e45-07ea-4bc6-9526-842e21b05a0c,Top 10 IT Companies in Saudi Arabia in 2026 - rankexdigital.com,Unknown,Unknown,Saudi Arabia,,,https://duckduckgo.com/l/?uddg=https%3A%2F%2Frankexdigital.com%2Fit%2Dcompanies%2Din%2Dsaudi%2Darabia%2F&rut=e936584b63ed7a6b640747829810738d3547c6f762cda83ec4252b085b27f748,,,,,From: https://duckduckgo.com/l/?uddg=https%3A%2F%2Frankexdigital.com%2Fit%2Dcompanies%2Din%2Dsaudi%2Darabia%2F&rut=e936584b63ed7a6b640747829810738d3547c6f762cda83ec4252b085b27f748,search_result
c1e967f7-1b0b-40b2-acc9-a5eb413558b5,Top 25+ IT Companies in Saudi Arabia for 2025,Unknown,Unknown,Saudi Arabia,,,https://duckduckgo.com/l/?uddg=https%3A%2F%2Fwww.octalsoftware.com%2Fblog%2Fit%2Dcompanies%2Din%2Dsaudi%2Darabia&rut=cb72c6f8d39af936f71d0d66549a40a153ace4606cdcaaf71aabbad46790e34f,,,,,From: https://duckduckgo.com/l/?uddg=https%3A%2F%2Fwww.octalsoftware.com%2Fblog%2Fit%2Dcompanies%2Din%2Dsaudi%2Darabia&rut=cb72c6f8d39af936f71d0d66549a40a153ace4606cdcaaf71aabbad46790e34f,search_result
1978d2d5-a5c7-4bd0-94f9-8f2362a0627c,Top 10 IT Companies in Saudi Arabia | Leaders 2025,Unknown,Unknown,Saudi Arabia,,,https://duckduckgo.com/l/?uddg=https%3A%2F%2Fwww.6wresearch.com%2Fmarket%2Dtakeaways%2Dview%2Ftop%2D10%2Dit%2Dcompanies%2Din%2Dsaudi%2Darabia&rut=da373a5226bb151c26ea2a7f744d28cc0e2a31465699bd9003c373561cf7d1df,,,,,From: https://duckduckgo.com/l/?uddg=https%3A%2F%2Fwww.6wresearch.com%2Fmarket%2Dtakeaways%2Dview%2Ftop%2D10%2Dit%2Dcompanies%2Din%2Dsaudi%2Darabia&rut=da373a5226bb151c26ea2a7f744d28cc0e2a31465699bd9003c373561cf7d1df,search_result
68e289c6-14d9-466f-93f7-18dfec8df1f7,Top 50 Companies in Saudi Arabia Technology and IT Sector,Unknown,Unknown,Saudi Arabia,,,https://duckduckgo.com/l/?uddg=https%3A%2F%2Faviaanaccounting.com%2Ftop%2D50%2Dcompanies%2Din%2Dsaudi%2Darabia%2Dtechnology%2Dand%2Dit%2Dsector%2F&rut=f2c0ed24ca09ec9e6ecff4b3b641ec5b0e8a6b7033b5a876dcb48a53844f5337,,,,,From: https://duckduckgo.com/l/?uddg=https%3A%2F%2Faviaanaccounting.com%2Ftop%2D50%2Dcompanies%2Din%2Dsaudi%2Darabia%2Dtechnology%2Dand%2Dit%2Dsector%2F&rut=f2c0ed24ca09ec9e6ecff4b3b641ec5b0e8a6b7033b5a876dcb48a53844f5337,search_result
56a129c7-bc89-4a39-83b5-91312d0e86ad,Top 15 IT Companies Saudi Arabia | شركات الـ IT في السعودية,IT Services,Unknown,Saudi Arabia,,,https://duckduckgo.com/l/?uddg=https%3A%2F%2Fwww.suffescom.com%2Fblog%2Fit%2Dcompanies%2Din%2Dsaudi%2Darabia&rut=c416daa5323b5470cb9695631f066cab439ef2e44488632366dbb4679d570029,,,,,From: https://duckduckgo.com/l/?uddg=https%3A%2F%2Fwww.suffescom.com%2Fblog%2Fit%2Dcompanies%2Din%2Dsaudi%2Darabia&rut=c416daa5323b5470cb9695631f066cab439ef2e44488632366dbb4679d570029,search_result
eedb10da-45a5-4769-8b6f-2e7696313b0f,Top 50 IT Service Companies in Saudi Arabia (2025) | ensun,Unknown,Unknown,Saudi Arabia,,,https://duckduckgo.com/l/?uddg=https%3A%2F%2Fensun.io%2Fsearch%2Fit%2Dservice%2Fsaudi%2Darabia&rut=1eb9a7c12e6d14350e2ed3bf1cc4ae380ab546bbc6cea3d937af932ee0087d6d,,,,,From: https://duckduckgo.com/l/?uddg=https%3A%2F%2Fensun.io%2Fsearch%2Fit%2Dservice%2Fsaudi%2Darabia&rut=1eb9a7c12e6d14350e2ed3bf1cc4ae380ab546bbc6cea3d937af932ee0087d6d,search_result
f9a3edc2-9e66-43c0-86da-a1515703e303,Top 10+ IT Companies in Saudi Arabia - 2026 RankFirms,Unknown,Unknown,Saudi Arabia,,,https://duckduckgo.com/l/?uddg=https%3A%2F%2Fwww.rankfirms.com%2Fagency%2Fit%2Dservices%2Dcompanies%2Fsaudi%2Darabia%2F&rut=d58db090bf8692357f716d7cd635864e457c7d7faacaabf3648ec9dc47305c9f,,,,,From: https://duckduckgo.com/l/?uddg=https%3A%2F%2Fwww.rankfirms.com%2Fagency%2Fit%2Dservices%2Dcompanies%2Fsaudi%2Darabia%2F&rut=d58db090bf8692357f716d7cd635864e457c7d7faacaabf3648ec9dc47305c9f,search_result
f9a183bd-e211-40ee-879f-5e313d23e4e4,Amtech IT Services - Home,IT Services,Unknown,Saudi Arabia,Jeddah,,https://duckduckgo.com/l/?uddg=https%3A%2F%2Famtechsa.com%2F&rut=b12cbed8b2897a0d895cc266a3f26679cc9484c33a8e69ab9b6a5af494dbc1c2,,,,,From: https://duckduckgo.com/l/?uddg=https%3A%2F%2Famtechsa.com%2F&rut=b12cbed8b2897a0d895cc266a3f26679cc9484c33a8e69ab9b6a5af494dbc1c2,search_result
11ca368a-109a-4cd4-acb6-92118c0be2f4,"Top IT Services & Consulting Firms in Jeddah, Saudi Arabia",IT Services,Unknown,Saudi Arabia,Jeddah,,https://duckduckgo.com/l/?uddg=https%3A%2F%2Fwww.semfirms.com%2Fsa%2Fjeddah%2Fit%2Dservices%2Dfirms&rut=bd2eb08996b667a3b3f83794b668e02154b1b3458d00ab2fe2248e76ec745a9a,,,,,From: https://duckduckgo.com/l/?uddg=https%3A%2F%2Fwww.semfirms.com%2Fsa%2Fjeddah%2Fit%2Dservices%2Dfirms&rut=bd2eb08996b667a3b3f83794b668e02154b1b3458d00ab2fe2248e76ec745a9a,search_result
e6da2232-6feb-462c-a95a-e5aa66ce947d,Top IT & Cybersecurity Company in Saudi Arabia | Alafdal,IT Services,Unknown,Saudi Arabia,Jeddah,,https://duckduckgo.com/l/?uddg=https%3A%2F%2Falafdal.me%2F&rut=232f6e869b9858345339c25415cce4923f0e2e257fcd28e6feed1b4581df834e,,,,,From: https://duckduckgo.com/l/?uddg=https%3A%2F%2Falafdal.me%2F&rut=232f6e869b9858345339c25415cce4923f0e2e257fcd28e6feed1b4581df834e,search_result
ef81de29-c2ac-475c-ac51-faca7a141c96,List of 20 IT Companies in Saudi Arabia - KSAexpats.com,Unknown,Unknown,Saudi Arabia,,,https://duckduckgo.com/l/?uddg=https%3A%2F%2Fksaexpats.com%2Fit%2Dcompanies%2Din%2Dsaudi%2Darabia%2F&rut=73f6aa071ba811e5cc11dd6c47156d6a67802f0862e3e2f41aae26c75d21e6b3,,,,,From: https://duckduckgo.com/l/?uddg=https%3A%2F%2Fksaexpats.com%2Fit%2Dcompanies%2Din%2Dsaudi%2Darabia%2F&rut=73f6aa071ba811e5cc11dd6c47156d6a67802f0862e3e2f41aae26c75d21e6b3,search_result
16548b0d-9117-465a-8755-dc2e338eff48,Top 10 IT Consulting Companies in Saudi Arabia - Jan 2026 | Ranking ...,Unknown,Unknown,Saudi Arabia,,,https://duckduckgo.com/l/?uddg=https%3A%2F%2Fsuperbcompanies.com%2Fcategories%2Fit%2Dconsulting%2Dcompanies%2Din%2Dsaudi%2Darabia%2F&rut=8c3a66454e83a2d7275ad03ea05d11c6e437ba43eca2519058631f197c0f6c19,,,,,From: https://duckduckgo.com/l/?uddg=https%3A%2F%2Fsuperbcompanies.com%2Fcategories%2Fit%2Dconsulting%2Dcompanies%2Din%2Dsaudi%2Darabia%2F&rut=8c3a66454e83a2d7275ad03ea05d11c6e437ba43eca2519058631f197c0f6c19,search_result
d3264ea2-5f73-490b-9234-07e05611a03b,Top 10 IT Companies in Saudi Arabia in 2025-26,Unknown,Unknown,Saudi Arabia,,,https://duckduckgo.com/l/?uddg=https%3A%2F%2Fwww.penielcomputer.com%2Fsa%2Fblog%2Ftop%2D10%2Dit%2Dcompanies%2Dsaudi%2Darabia&rut=d4dfe9149bcd80719aca38477ba8d026b8f55ebae04f0dfaaee0026e6158e97d,,,,,From: https://duckduckgo.com/l/?uddg=https%3A%2F%2Fwww.penielcomputer.com%2Fsa%2Fblog%2Ftop%2D10%2Dit%2Dcompanies%2Dsaudi%2Darabia&rut=d4dfe9149bcd80719aca38477ba8d026b8f55ebae04f0dfaaee0026e6158e97d,search_result
3191e7ac-6866-4133-891d-b3f4ef2c9ce7,"Top IT Services & Consulting Firms in Dammam, Saudi Arabia",IT Services,Unknown,Saudi Arabia,Dammam,,https://duckduckgo.com/l/?uddg=https%3A%2F%2Fwww.semfirms.com%2Fsa%2Fdammam%2Fit%2Dservices%2Dfirms&rut=d56a90e0729a6d3712e0e3dc7405a194ad8e2d3e4857e5dd71411c41cdf51ee8,,,,,From: https://duckduckgo.com/l/?uddg=https%3A%2F%2Fwww.semfirms.com%2Fsa%2Fdammam%2Fit%2Dservices%2Dfirms&rut=d56a90e0729a6d3712e0e3dc7405a194ad8e2d3e4857e5dd71411c41cdf51ee8,search_result
85aed4c4-9633-4bb0-adb6-9863b183252e,"Top IT Company in Riyadh, Jeddah, Saudi Arabia | AL Master",IT Services,Unknown,Saudi Arabia,Riyadh,,https://duckduckgo.com/l/?uddg=https%3A%2F%2Falmaster.tech%2Fsa%2Den&rut=eec2ec83f44dad40df465444a732682dc7f896115f11f1a808bf66cbb7bfadf7,,,,,From: https://duckduckgo.com/l/?uddg=https%3A%2F%2Falmaster.tech%2Fsa%2Den&rut=eec2ec83f44dad40df465444a732682dc7f896115f11f1a808bf66cbb7bfadf7,search_result
81c4b18a-ff55-4c76-9812-605b9e7fbc6c,Top 20+ IT Companies in Saudi Arabia (2026) - TechBehemoths,Unknown,Unknown,Saudi Arabia,,,https://duckduckgo.com/l/?uddg=https%3A%2F%2Ftechbehemoths.com%2Fcompanies%2Fsaudi%2Darabia&rut=30d5882882849c17179dbc896c83f78440a9a4eb028810a7b82e2b10f1d1568c,,,,,From: https://duckduckgo.com/l/?uddg=https%3A%2F%2Ftechbehemoths.com%2Fcompanies%2Fsaudi%2Darabia&rut=30d5882882849c17179dbc896c83f78440a9a4eb028810a7b82e2b10f1d1568c,search_result
85911b25-fc4e-40a1-a31e-8146132f7ee1,JCCS - LinkedIn,IT Services,Unknown,Saudi Arabia,,,https://duckduckgo.com/l/?uddg=https%3A%2F%2Fwww.linkedin.com%2Fcompany%2Fjccs&rut=150383451499550c952c19cb0a6a231a97854af4bb8b2f91f345fffc6598b2b5,,,,,From: https://duckduckgo.com/l/?uddg=https%3A%2F%2Fwww.linkedin.com%2Fcompany%2Fjccs&rut=150383451499550c952c19cb0a6a231a97854af4bb8b2f91f345fffc6598b2b5,company_page
d8281967-3950-488e-bf95-590f35dacce3,Interactive Saudi Arabia - LinkedIn,IT Services,Unknown,Saudi Arabia,,,https://duckduckgo.com/l/?uddg=https%3A%2F%2Fwww.linkedin.com%2Fcompany%2Finteractive%2Dsaudi%2Darabia%2Dltd&rut=bb50a437cc8cc9a0320ca368e182c8d2416ee72a0e7e25729fab652500941385,,,,,From: https://duckduckgo.com/l/?uddg=https%3A%2F%2Fwww.linkedin.com%2Fcompany%2Finteractive%2Dsaudi%2Darabia%2Dltd&rut=bb50a437cc8cc9a0320ca368e182c8d2416ee72a0e7e25729fab652500941385,company_page
d50fefd5-875d-45d3-9548-e4789de75edf,#1 IT Services Provider In Saudi Arabia | Alnafitha IT,IT Services,Unknown,Saudi Arabia,,,https://duckduckgo.com/l/?uddg=https%3A%2F%2Falnafitha.com%2F&rut=0814238b7ace7594192fbf45476da106597926bf33fc6ee13952e8c4f2c7620a,,,,,From: https://duckduckgo.com/l/?uddg=https%3A%2F%2Falnafitha.com%2F&rut=0814238b7ace7594192fbf45476da106597926bf33fc6ee13952e8c4f2c7620a,search_result
5c1d981c-b7ac-4939-b847-14d37daf2c21,Saudi Arabia IT Services Market Size & Share Analysis - Growth Trends ...,IT Services,Unknown,Saudi Arabia,,,https://duckduckgo.com/l/?uddg=https%3A%2F%2Fwww.mordorintelligence.com%2Findustry%2Dreports%2Fsaudi%2Darabia%2Dit%2Dservices%2Dmarket&rut=890c9aae40fd7e0c481b035877d19e889042e99087c6e85da858f577f60b3b8f,,,,,From: https://duckduckgo.com/l/?uddg=https%3A%2F%2Fwww.mordorintelligence.com%2Findustry%2Dreports%2Fsaudi%2Darabia%2Dit%2Dservices%2Dmarket&rut=890c9aae40fd7e0c481b035877d19e889042e99087c6e85da858f577f60b3b8f,search_result
fb357ada-f70b-4363-8fb8-b8a3f59c4204,IT Services and Solutions in Saudi Arabia - Information Technology ...,IT Services,Unknown,Saudi Arabia,,,https://duckduckgo.com/l/?uddg=https%3A%2F%2Fwww.ase.sa%2Fservices%2Fit%2Dservices%2F&rut=bb1f19bc8661e73651325d2970feff8ad18a948b55461671178a5d963a806245,,,,,From: https://duckduckgo.com/l/?uddg=https%3A%2F%2Fwww.ase.sa%2Fservices%2Fit%2Dservices%2F&rut=bb1f19bc8661e73651325d2970feff8ad18a948b55461671178a5d963a806245,search_result
d06acd00-c54b-4943-90c9-003f503c056b,Top Management Consulting Firms in Saudi Arabia - Goodfirms,Management Consulting,Unknown,Saudi Arabia,,,https://duckduckgo.com/l/?uddg=https%3A%2F%2Fwww.goodfirms.co%2Fbusiness%2Dservices%2Fmanagement%2Dconsulting%2Fsaudi%2Darabia&rut=aaf7625a9c4e6da34f296eb63d7514e1393fd07828a734e6117cf9c32786401d,,,,,From: https://duckduckgo.com/l/?uddg=https%3A%2F%2Fwww.goodfirms.co%2Fbusiness%2Dservices%2Fmanagement%2Dconsulting%2Fsaudi%2Darabia&rut=aaf7625a9c4e6da34f296eb63d7514e1393fd07828a734e6117cf9c32786401d,search_result
78c08465-6c77-40a9-bc99-a2540748cf1d,Holtz Consulting | Expert Management Consulting Services in Riyadh,Management Consulting,Unknown,Saudi Arabia,Riyadh,,https://duckduckgo.com/l/?uddg=https%3A%2F%2Fwww.holtz.sa%2F&rut=165d26bda62318634cfa3fdab4dba9ba49fe203b94bd4aacb661ac7eb2257f8e,,,,,From: https://duckduckgo.com/l/?uddg=https%3A%2F%2Fwww.holtz.sa%2F&rut=165d26bda62318634cfa3fdab4dba9ba49fe203b94bd4aacb661ac7eb2257f8e,search_result
ddd0921b-05af-46b7-baa7-bf032b2edb1d,Top Consulting Companies in Riyadh | GulfTalent.com,Management Consulting,Unknown,Saudi Arabia,Riyadh,,https://duckduckgo.com/l/?uddg=https%3A%2F%2Fwww.gulftalent.com%2Fsaudi%2Darabia%2Fcompanies%2Fcity%2Friyadh%2Findustry%2Fconsulting&rut=ce5da5a7730fb14d100dcc702369ab0dcd99463e69825c51370f5546fd52ad33,,,,,From: https://duckduckgo.com/l/?uddg=https%3A%2F%2Fwww.gulftalent.com%2Fsaudi%2Darabia%2Fcompanies%2Fcity%2Friyadh%2Findustry%2Fconsulting&rut=ce5da5a7730fb14d100dcc702369ab0dcd99463e69825c51370f5546fd52ad33,search_result
fe718ff9-eb8c-44ae-965a-6ef25e6ca1c1,Top Management Consulting Firms in Saudi Arabia - Clutch,Management Consulting,Unknown,Saudi Arabia,,,https://duckduckgo.com/l/?uddg=https%3A%2F%2Fclutch.co%2Fsa%2Fconsulting%2Fmanagement&rut=9153ebc6979b15e5646a22736d3284207e006f93b3ffcb2e3ee667abde0ad3c9,,,,,From: https://duckduckgo.com/l/?uddg=https%3A%2F%2Fclutch.co%2Fsa%2Fconsulting%2Fmanagement&rut=9153ebc6979b15e5646a22736d3284207e006f93b3ffcb2e3ee667abde0ad3c9,search_result
141b5da7-6985-40b8-8ac2-f76f52e0142f,Management & Strategy Consulting Saudi Arabia | Simon-Kucher,Management Consulting,,Saudi Arabia,,,https://duckduckgo.com/l/?uddg=https%3A%2F%2Fwww.simon%2Dkucher.com%2Fen%2Fcountry%2Fsaudi%2Darabia&rut=b1588c4e523461e270c1348096d197766a3631f6bae2290bff60fce70d0e7a40,,,,,From: https://duckduckgo.com/l/?uddg=https%3A%2F%2Fwww.simon%2Dkucher.com%2Fen%2Fcountry%2Fsaudi%2Darabia&rut=b1588c4e523461e270c1348096d197766a3631f6bae2290bff60fce70d0e7a40,website
5b5d30e4-4da6-46b0-80ed-22725a236964,Top Consulting Firms in Saudi Arabia (2025 Guide),Unknown,,Saudi Arabia,,,https://duckduckgo.com/l/?uddg=https%3A%2F%2Fwww.preplounge.com%2Fen%2Fblog%2Fconsulting%2Ffirms%2Fsaudi%2Darabia&rut=83181e14eb40a0c1781f8c3ce40dcc7332e0048503ff26cdb0738ef3f1b205b8,,,,,From: https://duckduckgo.com/l/?uddg=https%3A%2F%2Fwww.preplounge.com%2Fen%2Fblog%2Fconsulting%2Ffirms%2Fsaudi%2Darabia&rut=83181e14eb40a0c1781f8c3ce40dcc7332e0048503ff26cdb0738ef3f1b205b8,website
bf47f901-a9df-4a29-b3c4-6971c5358273,Top 30 Consulting Companies In Saudi Arabia {2025 List},Unknown,,Saudi Arabia,,,https://duckduckgo.com/l/?uddg=https%3A%2F%2Fwww.rasmal.com%2Fconsulting%2Dcompanies%2Din%2Dsaudi%2Darabia%2F&rut=83480d40b0c92f2d099ac23502e85389bad3568bc6d8757276882e5a8da725fc,,,,,From: https://duckduckgo.com/l/?uddg=https%3A%2F%2Fwww.rasmal.com%2Fconsulting%2Dcompanies%2Din%2Dsaudi%2Darabia%2F&rut=83480d40b0c92f2d099ac23502e85389bad3568bc6d8757276882e5a8da725fc,website
e40b3e91-9628-49d0-83c8-f8a4f4bc6c20,Top Consulting Firms in Saudi Arabia - Clutch.co,Unknown,,Saudi Arabia,,,https://duckduckgo.com/l/?uddg=https%3A%2F%2Fclutch.co%2Fsa%2Fconsulting&rut=0ff5c91697d5ab4c3ecb3362f71330178171ccbb2c5ff213b537079b4af54c9d,,,,,From: https://duckduckgo.com/l/?uddg=https%3A%2F%2Fclutch.co%2Fsa%2Fconsulting&rut=0ff5c91697d5ab4c3ecb3362f71330178171ccbb2c5ff213b537079b4af54c9d,website
61113770-5def-421c-8ddd-2a74fa17a0ad,Top 50 Companies in the KSA Consulting Sector - Aviaan,Unknown,,Saudi Arabia,,,https://duckduckgo.com/l/?uddg=https%3A%2F%2Faviaanaccounting.com%2Ftop%2D50%2Dcompanies%2Din%2Dthe%2Dksa%2Dconsulting%2Dsector%2F&rut=ea9b12069902e0109044f8e29be1ae815410eb4d38d85b5c44fb8881f8f3f3ae,,,,,From: https://duckduckgo.com/l/?uddg=https%3A%2F%2Faviaanaccounting.com%2Ftop%2D50%2Dcompanies%2Din%2Dthe%2Dksa%2Dconsulting%2Dsector%2F&rut=ea9b12069902e0109044f8e29be1ae815410eb4d38d85b5c44fb8881f8f3f3ae,website
c53a76a8-c7dc-4396-8cd4-056d2658a0ce,The 10 Best Consulting Firms in Saudi Arabia - 2026 Reviews,Unknown,,Saudi Arabia,,,https://duckduckgo.com/l/?uddg=https%3A%2F%2Fwww.sortlist.com%2Fs%2Fconsulting%2Fsaudi%2Darabia%2Dsa&rut=d685772f12e669797c7c71691366c2aa1541059f56f786aa2573e918416716bd,,,,,From: https://duckduckgo.com/l/?uddg=https%3A%2F%2Fwww.sortlist.com%2Fs%2Fconsulting%2Fsaudi%2Darabia%2Dsa&rut=d685772f12e669797c7c71691366c2aa1541059f56f786aa2573e918416716bd,website
d267a8da-9694-40a8-83a1-9aacfafe1a23,37 Top Consulting Companies in Saudi Arabia · January 2026,Unknown,,Saudi Arabia,,,https://duckduckgo.com/l/?uddg=https%3A%2F%2Fwww.f6s.com%2Fcompanies%2Fconsulting%2Fsaudi%2Darabia%2Fco&rut=1368c2f9faecc315090c5e185631f29062c77014d3cd635fbd1a3fbe47c2c20e,,,,,From: https://duckduckgo.com/l/?uddg=https%3A%2F%2Fwww.f6s.com%2Fcompanies%2Fconsulting%2Fsaudi%2Darabia%2Fco&rut=1368c2f9faecc315090c5e185631f29062c77014d3cd635fbd1a3fbe47c2c20e,website
b6ee1dca-f756-48c7-8b2c-7c677ac3c55c,Top 80 Business Consulting Companies in Saudi Arabia,Unknown,,Saudi Arabia,,,https://duckduckgo.com/l/?uddg=https%3A%2F%2Fthemanifest.com%2Fsa%2Fbusiness%2Dconsulting%2Ffirms&rut=c36d83abc5e5d72527b009cde6dbcdeeb85fc6e660220dc6ecfa8b8db78739eb,,,,,From: https://duckduckgo.com/l/?uddg=https%3A%2F%2Fthemanifest.com%2Fsa%2Fbusiness%2Dconsulting%2Ffirms&rut=c36d83abc5e5d72527b009cde6dbcdeeb85fc6e660220dc6ecfa8b8db78739eb,website
7800210b-4e43-434d-a9d0-d8792bc8fbd7,"Top Management Consulting companies in Saudi Arabia - April, 2025",Management Consulting,,Saudi Arabia,Riyadh,,https://duckduckgo.com/l/?uddg=https%3A%2F%2Fwww.zoominfo.com%2Ftop%2Dlists%2Ftop%2Dbizservice%2Dconsulting%2Dcompanies%2Din%2DSA&rut=44d9c80590c1afe986700d794db0ef48c35d1b608cb0d29d0748238e1f41285f,,,,,From: https://duckduckgo.com/l/?uddg=https%3A%2F%2Fwww.zoominfo.com%2Ftop%2Dlists%2Ftop%2Dbizservice%2Dconsulting%2Dcompanies%2Din%2DSA&rut=44d9c80590c1afe986700d794db0ef48c35d1b608cb0d29d0748238e1f41285f,website
a39388eb-1b0e-4932-8a04-c4b4a6b1574c,Top 20 Consulting Companies in Saudi Arabia (2025) | ensun,Unknown,,Saudi Arabia,,,https://duckduckgo.com/l/?uddg=https%3A%2F%2Fensun.io%2Fsearch%2Fconsulting%2Fsaudi%2Darabia&rut=eb72b75a40949ce3a0da041f48a2c425f33872fd82ef44fecdee24d69630045b,,,,,From: https://duckduckgo.com/l/?uddg=https%3A%2F%2Fensun.io%2Fsearch%2Fconsulting%2Fsaudi%2Darabia&rut=eb72b75a40949ce3a0da041f48a2c425f33872fd82ef44fecdee24d69630045b,website
27fb8182-7908-4068-ab6d-b8d9d36eac07,The 10 Best Consulting Firms in Jeddah - 2026 Reviews - Sortlist,Management Consulting,,Saudi Arabia,Jeddah,,https://duckduckgo.com/l/?uddg=https%3A%2F%2Fwww.sortlist.com%2Fs%2Fconsulting%2Fjeddah%2Dmakkah%2Dprovince%2Dsa&rut=ee1ea4c63e70d5fb3e7d951326ca0a055c7f80c8eec779c2a0e5836002f036d5,,,,,From: https://duckduckgo.com/l/?uddg=https%3A%2F%2Fwww.sortlist.com%2Fs%2Fconsulting%2Fjeddah%2Dmakkah%2Dprovince%2Dsa&rut=ee1ea4c63e70d5fb3e7d951326ca0a055c7f80c8eec779c2a0e5836002f036d5,website
b32674d1-77f4-429d-8913-b123c0ff87ba,Top Consulting Companies in Jeddah | GulfTalent.com,Management Consulting,,Saudi Arabia,Jeddah,,https://duckduckgo.com/l/?uddg=https%3A%2F%2Fwww.gulftalent.com%2Fsaudi%2Darabia%2Fcompanies%2Fcity%2Fjeddah%2Findustry%2Fconsulting&rut=7c9248d8c74e04b34a8d1ec46471372d9ba7e7292f649889cbaf9f4e9addec28,,,,,From: https://duckduckgo.com/l/?uddg=https%3A%2F%2Fwww.gulftalent.com%2Fsaudi%2Darabia%2Fcompanies%2Fcity%2Fjeddah%2Findustry%2Fconsulting&rut=7c9248d8c74e04b34a8d1ec46471372d9ba7e7292f649889cbaf9f4e9addec28,website
d3d7cab5-270e-4ce4-98e7-42c77e00d222,Home | Corprights,Management Consulting,,Saudi Arabia,,,https://duckduckgo.com/l/?uddg=https%3A%2F%2Fcorprights.sa%2F&rut=594a78f46f62a5faf188fbf3bad3c00f0a77fb04ad973dd4687bec9cf6f267bc,,,,,From: https://duckduckgo.com/l/?uddg=https%3A%2F%2Fcorprights.sa%2F&rut=594a78f46f62a5faf188fbf3bad3c00f0a77fb04ad973dd4687bec9cf6f267bc,website
4840f5a8-2b09-443e-b4d0-c2b04e290fb8,Comprehensive Guide to Management Consulting Firms in Saudi Arabia,Management Consulting,,Saudi Arabia,,,https://duckduckgo.com/l/?uddg=https%3A%2F%2Fwww.rmg%2Dsa.com%2Fen%2Fcomprehensive%2Dguide%2Dto%2Dmanagement%2Dconsulting%2Dfirms%2Din%2Dsaudi%2Darabia%2F&rut=33d275007e93327d2153dabae232bb786e5f6ee6ea3b76d34a903939141d5e92,,,,,From: https://duckduckgo.com/l/?uddg=https%3A%2F%2Fwww.rmg%2Dsa.com%2Fen%2Fcomprehensive%2Dguide%2Dto%2Dmanagement%2Dconsulting%2Dfirms%2Din%2Dsaudi%2Darabia%2F&rut=33d275007e93327d2153dabae232bb786e5f6ee6ea3b76d34a903939141d5e92,website
f455c9bd-dcdc-41ff-a68e-671bc711b068,Search Management Consulting Companies in Dammam Dammam area,Management Consulting,,Saudi Arabia,Dammam,,https://duckduckgo.com/l/?uddg=https%3A%2F%2Fwww.zoominfo.com%2Fcompanies%2Dsearch%2Flocation%2Dsaudi%2Darabia%2D%2Deastern%2Dprovince%2D%2Ddammam%2Ddammam%2Dindustry%2Dmanagement%2Dconsulting&rut=e45abb5c5cf8fcd0514adebc6cba0325b88e394eb06a5e88121f4b65fc8b8733,,,,,From: https://duckduckgo.com/l/?uddg=https%3A%2F%2Fwww.zoominfo.com%2Fcompanies%2Dsearch%2Flocation%2Dsaudi%2Darabia%2D%2Deastern%2Dprovince%2D%2Ddammam%2Ddammam%2Dindustry%2Dmanagement%2Dconsulting&rut=e45abb5c5cf8fcd0514adebc6cba0325b88e394eb06a5e88121f4b65fc8b8733,website
cfe643b7-f39e-4092-a21b-566b4875d2ae,Leading Management Consulting Services in Saudi Arabia|Dsquare Global,Management Consulting,,Saudi Arabia,,,https://duckduckgo.com/l/?uddg=https%3A%2F%2Fwww.dsquareglobal.com%2Fservices%2Fmanagement%2Dconsulting&rut=078cfc2c26e11796c4e08408c833878ae149a94b0c3299bd8ead7dc41feab948,,,,,From: https://duckduckgo.com/l/?uddg=https%3A%2F%2Fwww.dsquareglobal.com%2Fservices%2Fmanagement%2Dconsulting&rut=078cfc2c26e11796c4e08408c833878ae149a94b0c3299bd8ead7dc41feab948,website
62c90391-c0a4-43c7-9ec7-6e69297817d9,idc - idc.sa,Management Consulting,,Saudi Arabia,,,https://duckduckgo.com/l/?uddg=https%3A%2F%2Fidc.sa%2Fen%2F&rut=587009e16326ba544ddb03861d1ddc6e756f20fc5acf40c5bc8f3b48b2d61c5c,,,,,From: https://duckduckgo.com/l/?uddg=https%3A%2F%2Fidc.sa%2Fen%2F&rut=587009e16326ba544ddb03861d1ddc6e756f20fc5acf40c5bc8f3b48b2d61c5c,website
a1f675b0-5ec1-4748-93de-b96acf08135b,Ozone Management Consulting - LinkedIn,Management Consulting,,Saudi Arabia,,,https://duckduckgo.com/l/?uddg=https%3A%2F%2Fwww.linkedin.com%2Fcompany%2Fo3consult&rut=d13f0e2db8de4400747140bc0b5816f594eb4989375170538d19c5b40b45aca3,,,,,From: https://duckduckgo.com/l/?uddg=https%3A%2F%2Fwww.linkedin.com%2Fcompany%2Fo3consult&rut=d13f0e2db8de4400747140bc0b5816f594eb4989375170538d19c5b40b45aca3,search_result
62f58115-ec4d-42b1-b343-14e5578d5112,Pearls Consulting Saudi Arabia - LinkedIn,Management Consulting,,Saudi Arabia,,,https://duckduckgo.com/l/?uddg=https%3A%2F%2Fwww.linkedin.com%2Fcompany%2Fpearlsconsulting&rut=0d85cf6e203523af8a738b7ab94e1ef741b4e3a9470e880baaf83b97787b6aa1,,,,,From: https://duckduckgo.com/l/?uddg=https%3A%2F%2Fwww.linkedin.com%2Fcompany%2Fpearlsconsulting&rut=0d85cf6e203523af8a738b7ab94e1ef741b4e3a9470e880baaf83b97787b6aa1,search_result
a8348d88-9ac2-4832-b4c2-fbd978f7da8b,BSL Investment - LinkedIn,Management Consulting,,Saudi Arabia,,,https://duckduckgo.com/l/?uddg=https%3A%2F%2Fwww.linkedin.com%2Fcompany%2Fbsl%2Dsa&rut=24cd381e2a537ab67a57ec4d6b7335d9906c162af2b4d10791d9ab2fc0e10e52,,,,,From: https://duckduckgo.com/l/?uddg=https%3A%2F%2Fwww.linkedin.com%2Fcompany%2Fbsl%2Dsa&rut=24cd381e2a537ab67a57ec4d6b7335d9906c162af2b4d10791d9ab2fc0e10e52,search_result
296b159e-dab6-46ba-8faa-029686d54da4,Pearls Consulting Saudi Arabia - LinkedIn,Management Consulting,,Saudi Arabia,,,https://duckduckgo.com/l/?uddg=https%3A%2F%2Fsa.linkedin.com%2Fcompany%2Fpearlsconsulting&rut=5848f3ee4ae4b127761967f012e298282a9b2df01c056524b23b4668d46ae2ed,,,,,From: https://duckduckgo.com/l/?uddg=https%3A%2F%2Fsa.linkedin.com%2Fcompany%2Fpearlsconsulting&rut=5848f3ee4ae4b127761967f012e298282a9b2df01c056524b23b4668d46ae2ed,search_result
ccf3cf85-082b-4636-96a5-3e59928ca53b,Management Consulting in Saudi Arabia: A Comprehensive Guide to ...,Management Consulting,,Saudi Arabia,,,https://duckduckgo.com/l/?uddg=https%3A%2F%2Ftakmil.sa%2Fen%2Fmanagement%2Dconsulting%2Din%2Dsaudi%2Darabia%2F&rut=64279385d84d5584102aba8249dcd5a30690f455a8be8fd588db56a4cb818942,,,,,From: https://duckduckgo.com/l/?uddg=https%3A%2F%2Ftakmil.sa%2Fen%2Fmanagement%2Dconsulting%2Din%2Dsaudi%2Darabia%2F&rut=64279385d84d5584102aba8249dcd5a30690f455a8be8fd588db56a4cb818942,website
13e3851e-be94-4661-b7f0-8f28d2475968,ECMC - Management Consulting Solutions,Management Consulting,,Saudi Arabia,,,https://duckduckgo.com/l/?uddg=https%3A%2F%2Fwww.ecmc%2Dksa.com%2F&rut=5c8517dcf023a4bd0ae3cbef8ff43216b5d5443fae5a278778660fb366758f33,,,,,From: https://duckduckgo.com/l/?uddg=https%3A%2F%2Fwww.ecmc%2Dksa.com%2F&rut=5c8517dcf023a4bd0ae3cbef8ff43216b5d5443fae5a278778660fb366758f33,website
16cb9b19-24c6-4458-8e63-500173c437f4,Logistics - Wikipedia,Unknown,,Saudi Arabia,,,https://duckduckgo.com/l/?uddg=https%3A%2F%2Fen.wikipedia.org%2Fwiki%2FLogistics&rut=37f821b94462e328e4258400c7c563010238aaff3a655aab6dcdba2eb84acc1e,,,,,From: https://duckduckgo.com/l/?uddg=https%3A%2F%2Fen.wikipedia.org%2Fwiki%2FLogistics&rut=37f821b94462e328e4258400c7c563010238aaff3a655aab6dcdba2eb84acc1e,website
37af2370-d34f-4e07-b416-a059c6b2ec48,Understanding Logistics: Key to Business Efficiency and Success,Unknown,,Saudi Arabia,,,https://duckduckgo.com/l/?uddg=https%3A%2F%2Fwww.investopedia.com%2Fterms%2Fl%2Flogistics.asp&rut=a69b8ee0186e43b96a75eaabea51689f22efe65e9c9cfd3c6475da307d6cbf48,,,,,From: https://duckduckgo.com/l/?uddg=https%3A%2F%2Fwww.investopedia.com%2Fterms%2Fl%2Flogistics.asp&rut=a69b8ee0186e43b96a75eaabea51689f22efe65e9c9cfd3c6475da307d6cbf48,website
19971d9f-a22a-41d7-89c4-6f45eba0f597,LOGISTICS Definition & Meaning - Merriam-Webster,Unknown,,Saudi Arabia,,,https://duckduckgo.com/l/?uddg=https%3A%2F%2Fwww.merriam%2Dwebster.com%2Fdictionary%2Flogistics&rut=6c5aadef44900114b0bb7cb3dda59e594d6d4061c6f119814e5cf029c9ea436f,,,,,From: https://duckduckgo.com/l/?uddg=https%3A%2F%2Fwww.merriam%2Dwebster.com%2Fdictionary%2Flogistics&rut=6c5aadef44900114b0bb7cb3dda59e594d6d4061c6f119814e5cf029c9ea436f,website
4510eb25-4ec8-4ef3-b24d-8e6acd252890,What is Logistics? Definition & How It Works | DHL Global,Unknown,,Saudi Arabia,,,https://duckduckgo.com/l/?uddg=https%3A%2F%2Fwww.dhl.com%2Fdiscover%2Fen%2Dglobal%2Flogistics%2Dadvice%2Fimport%2Dexport%2Dadvice%2Fwhat%2Dis%2Dlogistics&rut=2469ac6147c2e3ed90d3777723f4b1d642a6649c708bfda8b02250283d4f227f,,,,,From: https://duckduckgo.com/l/?uddg=https%3A%2F%2Fwww.dhl.com%2Fdiscover%2Fen%2Dglobal%2Flogistics%2Dadvice%2Fimport%2Dexport%2Dadvice%2Fwhat%2Dis%2Dlogistics&rut=2469ac6147c2e3ed90d3777723f4b1d642a6649c708bfda8b02250283d4f227f,website
51446436-2fc1-4547-b577-2340e0273dff,"Logistics : Meaning, Importance, Functions and Types",Unknown,,Saudi Arabia,,,https://duckduckgo.com/l/?uddg=https%3A%2F%2Fwww.geeksforgeeks.org%2Fbusiness%2Dstudies%2Flogistics%2Dmeaning%2Dimportance%2Dfunctions%2Dand%2Dtypes%2F&rut=3e538b40aa368c21efcf44db4ab6e7f9d5f87b5bc8668d8783a93e51507c41a2,,,,,From: https://duckduckgo.com/l/?uddg=https%3A%2F%2Fwww.geeksforgeeks.org%2Fbusiness%2Dstudies%2Flogistics%2Dmeaning%2Dimportance%2Dfunctions%2Dand%2Dtypes%2F&rut=3e538b40aa368c21efcf44db4ab6e7f9d5f87b5bc8668d8783a93e51507c41a2,website
83cf4baa-0b58-4a07-a4fa-26e242d0cdcb,"What Is Logistics? Importance, Types, and Benefits - NetSuite",Unknown,,Saudi Arabia,,,https://duckduckgo.com/l/?uddg=https%3A%2F%2Fwww.netsuite.com%2Fportal%2Fresource%2Farticles%2Ferp%2Flogistics.shtml&rut=ad199c3d38bf8db59acc21abebe0466f9d4124425929ced4e74f97cc85d00e72,,,,,From: https://duckduckgo.com/l/?uddg=https%3A%2F%2Fwww.netsuite.com%2Fportal%2Fresource%2Farticles%2Ferp%2Flogistics.shtml&rut=ad199c3d38bf8db59acc21abebe0466f9d4124425929ced4e74f97cc85d00e72,website
c5dc887f-f8a5-406d-9850-f3dbd30f999a,What Is Logistics? Definition & Best Practices - Forbes,Unknown,,Saudi Arabia,,,https://duckduckgo.com/l/?uddg=https%3A%2F%2Fwww.forbes.com%2Fadvisor%2Fbusiness%2Fsoftware%2Fwhat%2Dis%2Dlogistics%2F&rut=4288e49c25ecd08c1b10641fac83f4efb9b56c4f5c04e153463221de90df87e0,,,,,From: https://duckduckgo.com/l/?uddg=https%3A%2F%2Fwww.forbes.com%2Fadvisor%2Fbusiness%2Fsoftware%2Fwhat%2Dis%2Dlogistics%2F&rut=4288e49c25ecd08c1b10641fac83f4efb9b56c4f5c04e153463221de90df87e0,website
081a2197-655a-495b-a1ff-74304e00a551,"Logistics | Definition, Management, Examples, & Facts | Britannica Money",Unknown,,Saudi Arabia,,,https://duckduckgo.com/l/?uddg=https%3A%2F%2Fwww.britannica.com%2Fmoney%2Flogistics%2Dbusiness&rut=3767d99c5eb7cf8187ea58712db495bf70e2db68f6c6f42980e219aefd872796,,,,,From: https://duckduckgo.com/l/?uddg=https%3A%2F%2Fwww.britannica.com%2Fmoney%2Flogistics%2Dbusiness&rut=3767d99c5eb7cf8187ea58712db495bf70e2db68f6c6f42980e219aefd872796,website
0014e2e6-6d22-4dc1-88fe-8e7ec2ee2ed2,Penske Logistics - A Leader in Logistics Services,Unknown,,Saudi Arabia,,,https://duckduckgo.com/l/?uddg=https%3A%2F%2Fwww.penskelogistics.com%2F&rut=973df0ff5567cde437d92c3c308d2be4e31b184879fc3a4568b8ed81e10e0a3b,,,,,From: https://duckduckgo.com/l/?uddg=https%3A%2F%2Fwww.penskelogistics.com%2F&rut=973df0ff5567cde437d92c3c308d2be4e31b184879fc3a4568b8ed81e10e0a3b,website
ef10e2da-1c5a-4ee5-ae6e-c8f82b0e9b3c,"What is Logistics? Definition, Processes & Examples - Orderful",Unknown,,Saudi Arabia,,,https://duckduckgo.com/l/?uddg=https%3A%2F%2Fwww.orderful.com%2Fblog%2Fwhat%2Dis%2Dlogistics&rut=4059b7830bc2ba07c20b65621ea62c626a42eeab5aa3730944b88da6de5d5e0b,,,,,From: https://duckduckgo.com/l/?uddg=https%3A%2F%2Fwww.orderful.com%2Fblog%2Fwhat%2Dis%2Dlogistics&rut=4059b7830bc2ba07c20b65621ea62c626a42eeab5aa3730944b88da6de5d5e0b,website
d1339e10-94ff-4f60-8627-7e590726e541,2025 Top 100 Logistics | Transport Topics - ttnews.com,Unknown,,Saudi Arabia,,,https://duckduckgo.com/l/?uddg=https%3A%2F%2Fwww.ttnews.com%2Flogistics%2Frankings%2F2025&rut=dcfdd88fb024062e632dc167c6cc53036467b4c3030c5feb03f3fe799c24fe3e,,,,,From: https://duckduckgo.com/l/?uddg=https%3A%2F%2Fwww.ttnews.com%2Flogistics%2Frankings%2F2025&rut=dcfdd88fb024062e632dc167c6cc53036467b4c3030c5feb03f3fe799c24fe3e,website
f5f217f1-4245-43f5-b3dc-f14a9487bc1c,Top Logistics Companies in the U.S. and Worldwide (2025),Unknown,,Saudi Arabia,,,https://duckduckgo.com/l/?uddg=https%3A%2F%2Fwww.buske.com%2Fblog%2Ftop%2Dlogistics%2Dcompanies&rut=cd7ba341599908535c3079efc65a4cab17f6b6cf46f3f94720ca180790db95b3,,,,,From: https://duckduckgo.com/l/?uddg=https%3A%2F%2Fwww.buske.com%2Fblog%2Ftop%2Dlogistics%2Dcompanies&rut=cd7ba341599908535c3079efc65a4cab17f6b6cf46f3f94720ca180790db95b3,website
86f46b05-a9b1-4c5d-a372-c753e287f43a,Top 10 Logistics Companies Shaping the Industry in 2025,Unknown,,Saudi Arabia,,,https://duckduckgo.com/l/?uddg=https%3A%2F%2Fblog.ship%2Dpgl.com%2Ftop%2Dlogistics%2Dcompanies%2D2025%2Dindustry%2Dleaders%2Dand%2Dinnovators%2F&rut=5d6e3e63a8d6195fccbe2c89db699f9eaaafc2f7bf3d38dc1915e9f9a35d3879,,,,,From: https://duckduckgo.com/l/?uddg=https%3A%2F%2Fblog.ship%2Dpgl.com%2Ftop%2Dlogistics%2Dcompanies%2D2025%2Dindustry%2Dleaders%2Dand%2Dinnovators%2F&rut=5d6e3e63a8d6195fccbe2c89db699f9eaaafc2f7bf3d38dc1915e9f9a35d3879,website
834ef176-4124-468f-bbd5-a26005b0e06f,Top 20 Logistics & Supply Chain Companies - TheCconnects,Logistics & Supply Chain,,Saudi Arabia,,,https://duckduckgo.com/l/?uddg=https%3A%2F%2Fthecconnects.com%2Ftop%2D20%2Dlogistics%2Dsupply%2Dchain%2Dcompanies%2F&rut=261b5bcf54bcf0c4c00eade8162bd18d06820d70678e72550863f5481696da47,,,,,From: https://duckduckgo.com/l/?uddg=https%3A%2F%2Fthecconnects.com%2Ftop%2D20%2Dlogistics%2Dsupply%2Dchain%2Dcompanies%2F&rut=261b5bcf54bcf0c4c00eade8162bd18d06820d70678e72550863f5481696da47,website
d19732d9-960e-46d5-ba3e-1febd753b0c4,Top 10 Largest Logistics Companies Worldwide in 2025 - LinkedIn,Unknown,,Saudi Arabia,,,https://duckduckgo.com/l/?uddg=https%3A%2F%2Fwww.linkedin.com%2Fpulse%2Ftop10%2Dlargest%2Dlogistics%2Dcompanies%2Dworldwide%2D2025%2Dshippingnavigators%2Dzoiwf&rut=9d669d834e0de9316ec1171b3a932313e2b4690b7c96eb35d3a446df9ed6db01,,,,,From: https://duckduckgo.com/l/?uddg=https%3A%2F%2Fwww.linkedin.com%2Fpulse%2Ftop10%2Dlargest%2Dlogistics%2Dcompanies%2Dworldwide%2D2025%2Dshippingnavigators%2Dzoiwf&rut=9d669d834e0de9316ec1171b3a932313e2b4690b7c96eb35d3a446df9ed6db01,search_result
16ed2290-e4be-4e46-8a6b-9b8ffa118da5,2025 Top 10 Logistics Companies - thinkfreight.io,Unknown,,Saudi Arabia,,,https://duckduckgo.com/l/?uddg=https%3A%2F%2Fwww.thinkfreight.io%2F2025%2Dtop%2D10%2Dlogistics%2Dcompanies%2F&rut=48d3f0deed33f47e232f9645b9eed5e6a1c96964921466267e4484724ad5e17b,,,,,From: https://duckduckgo.com/l/?uddg=https%3A%2F%2Fwww.thinkfreight.io%2F2025%2Dtop%2D10%2Dlogistics%2Dcompanies%2F&rut=48d3f0deed33f47e232f9645b9eed5e6a1c96964921466267e4484724ad5e17b,website
f53f8f18-d076-4396-bb21-e6e4409fb700,Top 11 Logistics Companies in the World - Expert Market Research,Unknown,,Saudi Arabia,,,https://duckduckgo.com/l/?uddg=https%3A%2F%2Fwww.expertmarketresearch.com%2Fblogs%2Ftop%2Dlogistics%2Dcompanies&rut=c359929858e511ebbe1d4238be0bab7f41b13dc081bcbbf700abce2a2f49af28,,,,,From: https://duckduckgo.com/l/?uddg=https%3A%2F%2Fwww.expertmarketresearch.com%2Fblogs%2Ftop%2Dlogistics%2Dcompanies&rut=c359929858e511ebbe1d4238be0bab7f41b13dc081bcbbf700abce2a2f49af28,website
1c4da6ec-a3fa-4954-9f83-0f0ab9b4bc2f,Top 10: Logistics Brands | Supply Chain Magazine,Unknown,,Saudi Arabia,,,https://duckduckgo.com/l/?uddg=https%3A%2F%2Fsupplychaindigital.com%2Ftop10%2Ftop%2D10%2Dlogistics%2Dcompanies&rut=9319f6e7728a4c60d72ca4812f1c7ec14e74efffd744f0701d90a805c4b16b9c,,,,,From: https://duckduckgo.com/l/?uddg=https%3A%2F%2Fsupplychaindigital.com%2Ftop10%2Ftop%2D10%2Dlogistics%2Dcompanies&rut=9319f6e7728a4c60d72ca4812f1c7ec14e74efffd744f0701d90a805c4b16b9c,website
5cc557f8-5677-43d1-8501-642ea8951b19,Top 11 Powerful Logistics Companies Shaping World - 2025,Unknown,,Saudi Arabia,,,https://duckduckgo.com/l/?uddg=https%3A%2F%2Fwww.imarcgroup.com%2Ftop%2D11%2Dlogistics%2Dcompanies%2Dacross%2Dworlda&rut=605f849f17fdb861b5da86ea4168a86934488666e7da6779ef906f8128876089,,,,,From: https://duckduckgo.com/l/?uddg=https%3A%2F%2Fwww.imarcgroup.com%2Ftop%2D11%2Dlogistics%2Dcompanies%2Dacross%2Dworlda&rut=605f849f17fdb861b5da86ea4168a86934488666e7da6779ef906f8128876089,website
324ddde7-a0b4-4a1d-9743-e84a7a569f49,Top 12 Logistics Companies in the World - techsciresearch.com,Unknown,,Saudi Arabia,,,https://duckduckgo.com/l/?uddg=https%3A%2F%2Fwww.techsciresearch.com%2Fblog%2FTop%2DLogistics%2DCompanies%2Din%2Dthe%2DWorld%2F4688.html&rut=99f9a5044615524bae24e35aa9a6efdef44ea4d9d9ab020ee2a61e1ba01288aa,,,,,From: https://duckduckgo.com/l/?uddg=https%3A%2F%2Fwww.techsciresearch.com%2Fblog%2FTop%2DLogistics%2DCompanies%2Din%2Dthe%2DWorld%2F4688.html&rut=99f9a5044615524bae24e35aa9a6efdef44ea4d9d9ab020ee2a61e1ba01288aa,website
9a75028a-6f8f-47d4-a913-257b203d9033,Logistics | GXO,Unknown,,Saudi Arabia,,,https://duckduckgo.com/l/?uddg=https%3A%2F%2Fgxo.com%2F&rut=0f78a012e98a638c29679fca9ddd13deb51f3dcdb7fc89d9fa97970815cc742b,,,,,From: https://duckduckgo.com/l/?uddg=https%3A%2F%2Fgxo.com%2F&rut=0f78a012e98a638c29679fca9ddd13deb51f3dcdb7fc89d9fa97970815cc742b,website
6c5c7d87-dd11-4ea0-afeb-4abbfbb99486,2024 Top 100 Logistics | Transport Topics,Unknown,,Saudi Arabia,,,https://duckduckgo.com/l/?uddg=https%3A%2F%2Fwww.ttnews.com%2Flogistics%2Frankings%2F2024&rut=548aab1afb5affcb1bb8c04dc1a2d08e4d1cdd046f05f7d35c719afef4c6c952,,,,,From: https://duckduckgo.com/l/?uddg=https%3A%2F%2Fwww.ttnews.com%2Flogistics%2Frankings%2F2024&rut=548aab1afb5affcb1bb8c04dc1a2d08e4d1cdd046f05f7d35c719afef4c6c952,website
57b4a6ee-6752-4633-a214-83724296a19a,2025's Top 100 3PLs: How Logistics Giants are Confronting Uncertainty,Unknown,,Saudi Arabia,,,https://duckduckgo.com/l/?uddg=https%3A%2F%2Fwww.thelogisticsoflogistics.com%2F2025s%2Dtop%2D100%2D3pls%2Dhow%2Dlogistics%2Dgiants%2Dare%2Dconfronting%2Duncertainty%2Dwith%2Dseth%2Dclevenger%2F&rut=2e997a71471d430cebfb3433735937dd3cc6f946ccffbb1edff3ba12d624e5ab,,,,,From: https://duckduckgo.com/l/?uddg=https%3A%2F%2Fwww.thelogisticsoflogistics.com%2F2025s%2Dtop%2D100%2D3pls%2Dhow%2Dlogistics%2Dgiants%2Dare%2Dconfronting%2Duncertainty%2Dwith%2Dseth%2Dclevenger%2F&rut=2e997a71471d430cebfb3433735937dd3cc6f946ccffbb1edff3ba12d624e5ab,website
6fa19994-2087-4b46-abbf-6fa0bdd5c062,Top 10: Logistics Brands | Supply Chain Magazine,Unknown,,Saudi Arabia,,,https://duckduckgo.com/l/?uddg=https%3A%2F%2Fsupplychaindigital.com%2Ftop10%2Ftop%2D10%2Dlogistics%2Dbrands%2D2025&rut=1b278e6ca04e46248fd927a5365174519de1b52d2b6f5fead041ca027a488ceb,,,,,From: https://duckduckgo.com/l/?uddg=https%3A%2F%2Fsupplychaindigital.com%2Ftop10%2Ftop%2D10%2Dlogistics%2Dbrands%2D2025&rut=1b278e6ca04e46248fd927a5365174519de1b52d2b6f5fead041ca027a488ceb,website
0d11bbd7-decb-4a97-a77e-b54615fb7a72,Freight And Logistics Companies - Top Company List,Unknown,,Saudi Arabia,,,https://duckduckgo.com/l/?uddg=https%3A%2F%2Fwww.mordorintelligence.com%2Findustry%2Dreports%2Ffreight%2Dlogistics%2Dmarket%2Dstudy%2Fcompanies&rut=8a04f13af5e7a2868186dc64e926c32726167d5a80e51ee90c49592942aeeee5,,,,,From: https://duckduckgo.com/l/?uddg=https%3A%2F%2Fwww.mordorintelligence.com%2Findustry%2Dreports%2Ffreight%2Dlogistics%2Dmarket%2Dstudy%2Fcompanies&rut=8a04f13af5e7a2868186dc64e926c32726167d5a80e51ee90c49592942aeeee5,website
1bd9b352-3c47-43ed-8329-acb2420cc7db,A&A's Top 50 Global Third-Party Logistics Providers (3PLs) List,Unknown,,Saudi Arabia,,,https://duckduckgo.com/l/?uddg=https%3A%2F%2Fwww.3plogistics.com%2F3pl%2Dmarket%2Dinfo%2Dresources%2F3pl%2Dmarket%2Dinformation%2Faas%2Dtop%2D50%2Dglobal%2Dthird%2Dparty%2Dlogistics%2Dproviders%2D3pls%2Dlist%2F&rut=fa86039a911f39dd7489cfb44d6c5281fd7d5d3d99a5e7c5bfbe4c65f86c95b1,,,,,From: https://duckduckgo.com/l/?uddg=https%3A%2F%2Fwww.3plogistics.com%2F3pl%2Dmarket%2Dinfo%2Dresources%2F3pl%2Dmarket%2Dinformation%2Faas%2Dtop%2D50%2Dglobal%2Dthird%2Dparty%2Dlogistics%2Dproviders%2D3pls%2Dlist%2F&rut=fa86039a911f39dd7489cfb44d6c5281fd7d5d3d99a5e7c5bfbe4c65f86c95b1,website
